id,first_name,last_name,email,gender,ip_address
1,Hurley,Eisig,heisig0@jimdo.com,Male,91.64.167.48
2,Kimmie,Childes,kchildes1@soundcloud.com,Female,235.94.60.191
3,Henriette,Camin,hcamin2@pagesperso-orange.fr,Female,99.179.36.144
4,Coop,Gaven,cgaven3@narod.ru,Male,4.48.25.46
5,Aggy,Brizland,abrizland4@weather.com,Female,74.179.55.80
6,Sanford,Puckrin,spuckrin5@sina.com.cn,Male,162.30.234.93
7,Hillie,Heeps,hheeps6@rakuten.co.jp,Male,206.27.253.153
8,Garwin,Cuthbert,gcuthbert7@technorati.com,Male,76.109.224.68
9,Aaren,Benallack,abenallack8@dot.gov,Female,212.165.52.235
10,Jonas,Stonehewer,jstonehewer9@ucla.edu,Male,237.186.155.185
11,Griswold,Keynd,gkeynda@vimeo.com,Male,48.139.233.99
12,Torey,Lampet,tlampetb@joomla.org,Female,224.214.125.202
13,Matthias,Le Gall,mlegallc@mit.edu,Male,178.96.83.102
14,Melli,Volett,mvolettd@vinaora.com,Female,8.136.168.20
15,Payton,Olden,poldene@ycombinator.com,Male,91.255.237.57
16,Hughie,Lathleiffure,hlathleiffuref@hibu.com,Male,226.158.17.70
17,Melamie,Fawson,mfawsong@icio.us,Female,112.137.150.220
18,Jacki,Tithacott,jtithacotth@marketwatch.com,Female,139.244.227.231
19,Orion,Nijs,onijsi@wisc.edu,Male,52.91.81.170
20,Dew,Roubottom,droubottomj@omniture.com,Male,242.42.28.254
21,Derby,Digges,ddiggesk@comsenz.com,Male,25.249.22.209
22,Meggy,Templar,mtemplarl@tuttocitta.it,Female,87.227.94.132
23,Costa,Hearnshaw,chearnshawm@senate.gov,Male,15.146.12.169
24,Genni,Fallis,gfallisn@jigsy.com,Female,43.207.146.204
25,Francois,Jendricke,fjendrickeo@alibaba.com,Male,33.120.23.188
26,Franzen,Denziloe,fdenziloep@whitehouse.gov,Male,155.88.53.45
27,Laureen,Oldam,loldamq@loc.gov,Female,203.15.118.228
28,Templeton,Smillie,tsmillier@oakley.com,Male,109.215.64.155
29,Tim,Lauritzen,tlauritzens@dropbox.com,Female,204.104.193.22
30,Roxane,Miko,rmikot@tamu.edu,Female,41.21.15.174
31,Stearn,Yuryatin,syuryatinu@lulu.com,Male,108.210.35.120
32,Ariella,Coveney,acoveneyv@sfgate.com,Female,134.127.255.161
33,Pansy,Creevy,pcreevyw@springer.com,Female,170.52.167.146
34,Cara,Robottom,crobottomx@yellowbook.com,Female,99.19.17.107
35,Lamond,Richarson,lricharsony@webmd.com,Male,36.79.123.130
36,Emilie,Vannet,evannetz@guardian.co.uk,Female,210.79.160.230
37,Tamiko,Arnao,tarnao10@rambler.ru,Female,121.129.25.112
38,Andrea,McRill,amcrill11@jalbum.net,Female,182.170.86.105
39,Gretta,Hendrickx,ghendrickx12@cdc.gov,Female,221.36.182.108
40,Mahmud,Kimbling,mkimbling13@bandcamp.com,Male,139.157.197.138
41,Abbi,Klambt,aklambt14@fda.gov,Female,34.147.55.18
42,Kerri,Summers,ksummers15@sogou.com,Female,109.170.65.255
43,Sashenka,Robinet,srobinet16@mozilla.com,Female,229.24.11.125
44,Merilyn,Hadeke,mhadeke17@google.ru,Female,42.117.84.24
45,Adriaens,Matheson,amatheson18@state.gov,Female,135.139.71.200
46,Tammi,Temlett,ttemlett19@qq.com,Female,53.91.152.52
47,Kacie,Scullin,kscullin1a@booking.com,Female,236.245.199.143
48,Glynis,Duddell,gduddell1b@chicagotribune.com,Female,209.104.186.74
49,Billy,Klemensiewicz,bklemensiewicz1c@themeforest.net,Female,244.226.247.206
50,Aubrette,Luckcock,aluckcock1d@nytimes.com,Female,131.173.212.40
51,Kristi,McCarrick,kmccarrick1e@europa.eu,Female,104.240.24.107
52,Perceval,Gridley,pgridley1f@oaic.gov.au,Male,151.243.238.29
53,Thacher,Nowakowski,tnowakowski1g@time.com,Male,229.48.207.63
54,Alyss,Clemes,aclemes1h@surveymonkey.com,Female,29.19.67.21
55,Rosalynd,Pawlata,rpawlata1i@washingtonpost.com,Female,182.5.204.23
56,Allin,Earry,aearry1j@japanpost.jp,Male,90.244.54.222
57,Isak,Cordero,icordero1k@godaddy.com,Male,18.194.192.118
58,Bobbee,Pooly,bpooly1l@phoca.cz,Female,159.254.140.87
59,Nerty,St. Pierre,nstpierre1m@japanpost.jp,Female,0.5.17.99
60,Vevay,Verrills,vverrills1n@yelp.com,Female,82.15.230.237
61,Glenna,Gravener,ggravener1o@bbb.org,Female,145.30.126.221
62,Hadrian,Scopyn,hscopyn1p@ebay.com,Male,53.198.206.225
63,Butch,Hurt,bhurt1q@github.io,Male,170.92.13.172
64,Laverne,Berndtsson,lberndtsson1r@dot.gov,Female,7.132.224.248
65,Cathlene,Copnell,ccopnell1s@uol.com.br,Female,174.90.135.203
66,Boycie,Fillan,bfillan1t@scribd.com,Male,225.231.126.28
67,Jacenta,Bevans,jbevans1u@posterous.com,Female,120.227.176.160
68,Cristina,Strettle,cstrettle1v@mtv.com,Female,39.185.137.253
69,Frank,Harbour,fharbour1w@google.nl,Male,31.204.196.184
70,Neala,Cornfield,ncornfield1x@fema.gov,Female,195.188.111.56
71,Carmella,Gildroy,cgildroy1y@cyberchimps.com,Female,27.72.22.224
72,Tore,Rings,trings1z@privacy.gov.au,Male,201.237.160.16
73,Derrek,Muspratt,dmuspratt20@nbcnews.com,Male,184.183.179.152
74,Moshe,Aslen,maslen21@fema.gov,Male,140.81.244.86
75,Chauncey,McLaggan,cmclaggan22@scribd.com,Male,153.21.172.191
76,Blaire,Stammer,bstammer23@unicef.org,Female,71.4.92.66
77,Enrica,Tatersale,etatersale24@aol.com,Female,252.140.38.62
78,Rosette,Eley,reley25@twitpic.com,Female,47.133.113.41
79,Ragnar,Tither,rtither26@disqus.com,Male,170.121.146.197
80,Isac,Radbond,iradbond27@phpbb.com,Male,120.141.218.42
81,Hildy,Rickersy,hrickersy28@ihg.com,Female,2.71.78.135
82,Eric,Yaus,eyaus29@a8.net,Male,65.60.2.240
83,Vitia,Lebreton,vlebreton2a@chronoengine.com,Female,62.102.250.160
84,Malina,Hursthouse,mhursthouse2b@bigcartel.com,Female,190.235.241.72
85,Lodovico,Gainsbury,lgainsbury2c@hexun.com,Male,25.136.129.185
86,Cord,Markovic,cmarkovic2d@hibu.com,Male,233.188.247.223
87,Iona,Vernazza,ivernazza2e@hhs.gov,Female,163.106.234.115
88,Karlan,Uzielli,kuzielli2f@addthis.com,Male,64.82.253.119
89,Ellswerth,Wittier,ewittier2g@skype.com,Male,120.228.7.93
90,Tammy,Adam,tadam2h@livejournal.com,Female,217.187.232.154
91,Cornelia,O'Gormally,cogormally2i@ehow.com,Female,134.178.76.150
92,Vince,Oubridge,voubridge2j@parallels.com,Male,119.161.79.66
93,Frants,Beadel,fbeadel2k@icq.com,Male,4.203.247.48
94,Dalli,Hambrook,dhambrook2l@creativecommons.org,Male,254.213.237.195
95,Bernetta,Bernardotti,bbernardotti2m@opera.com,Female,89.6.246.178
96,Ned,Dodds,ndodds2n@technorati.com,Male,133.253.216.226
97,Murdoch,Barrington,mbarrington2o@tripod.com,Male,133.203.249.34
98,Bud,Wall,bwall2p@ucoz.com,Male,9.138.124.45
99,Wini,Arrighini,warrighini2q@omniture.com,Female,143.245.6.72
100,Milt,Wooster,mwooster2r@about.com,Male,126.120.42.30
101,Sid,Gentric,sgentric2s@upenn.edu,Male,20.95.159.4
102,Manya,Cuncarr,mcuncarr2t@nyu.edu,Female,0.34.29.131
103,Rockey,Borsi,rborsi2u@is.gd,Male,198.157.208.39
104,Robbert,Almeida,ralmeida2v@java.com,Male,91.49.87.212
105,Orlando,Dinley,odinley2w@sohu.com,Male,207.83.87.75
106,Lion,MacAllan,lmacallan2x@dagondesign.com,Male,197.78.7.122
107,Dilan,Truwert,dtruwert2y@parallels.com,Male,125.240.83.12
108,Wanids,Morriss,wmorriss2z@i2i.jp,Female,9.163.200.149
109,Annecorinne,Ickovitz,aickovitz30@wunderground.com,Female,195.211.231.210
110,Iolanthe,Meneghi,imeneghi31@tinyurl.com,Female,2.52.71.240
111,Leone,Jolland,ljolland32@mysql.com,Female,35.250.51.254
112,Algernon,Flower,aflower33@reference.com,Male,176.98.9.109
113,Aldis,Waliszek,awaliszek34@jigsy.com,Male,191.137.36.245
114,Emlynn,Mableson,emableson35@drupal.org,Female,205.201.202.208
115,Faber,Prynne,fprynne36@latimes.com,Male,86.54.231.238
116,Serena,Freeman,sfreeman37@wikimedia.org,Female,244.253.177.1
117,George,Pavlovsky,gpavlovsky38@theatlantic.com,Male,83.104.91.11
118,Kattie,Brewett,kbrewett39@vimeo.com,Female,155.58.26.64
119,Robb,Potte,rpotte3a@biglobe.ne.jp,Male,164.232.88.20
120,Kev,McNellis,kmcnellis3b@bbc.co.uk,Male,106.114.56.64
121,Shepherd,Robillard,srobillard3c@hp.com,Male,197.80.23.104
122,Billie,McCague,bmccague3d@hatena.ne.jp,Male,187.3.42.62
123,Valeria,Blacket,vblacket3e@oakley.com,Female,146.110.229.217
124,Mannie,Lorryman,mlorryman3f@jigsy.com,Male,39.77.14.221
125,Goraud,Macvey,gmacvey3g@canalblog.com,Male,213.97.150.141
126,Nikolai,Harmant,nharmant3h@printfriendly.com,Male,121.98.188.92
127,Grethel,Sharer,gsharer3i@wufoo.com,Female,195.158.54.186
128,Fitz,Tomaszewski,ftomaszewski3j@addtoany.com,Male,53.77.112.29
129,Beilul,Keyworth,bkeyworth3k@altervista.org,Female,248.150.45.22
130,Crissie,Kinsley,ckinsley3l@google.cn,Female,56.19.82.119
131,Rudyard,Bealing,rbealing3m@desdev.cn,Male,225.175.86.245
132,Margaret,Chiswell,mchiswell3n@issuu.com,Female,12.93.120.169
133,Blakelee,Grose,bgrose3o@bigcartel.com,Female,161.74.183.113
134,Clemmy,Albert,calbert3p@usa.gov,Female,59.51.80.91
135,Dorry,McUre,dmcure3q@nifty.com,Female,255.244.248.97
136,Othelia,Matsell,omatsell3r@ow.ly,Female,3.62.87.35
137,Rana,Messenger,rmessenger3s@cornell.edu,Female,246.190.8.176
138,Arne,Berlin,aberlin3t@upenn.edu,Male,93.162.12.50
139,Luelle,Dash,ldash3u@vimeo.com,Female,37.190.222.201
140,Kizzee,Crownshaw,kcrownshaw3v@over-blog.com,Female,207.238.25.145
141,Eustacia,Flinders,eflinders3w@howstuffworks.com,Female,106.58.22.242
142,Adlai,Nock,anock3x@wiley.com,Male,211.160.197.49
143,Gabbey,Kilmurray,gkilmurray3y@upenn.edu,Female,188.170.246.92
144,Lois,Pretty,lpretty3z@hud.gov,Female,195.12.224.8
145,Rowe,Mingardi,rmingardi40@discuz.net,Female,119.166.85.205
146,Petunia,Pounsett,ppounsett41@home.pl,Female,14.204.179.88
147,Herminia,Darker,hdarker42@statcounter.com,Female,221.192.44.248
148,Hallie,Moulder,hmoulder43@shop-pro.jp,Female,217.90.27.240
149,Kiel,Ogilvie,kogilvie44@ocn.ne.jp,Male,180.217.127.8
150,Doyle,Humbles,dhumbles45@sfgate.com,Male,155.22.232.12
151,Rollin,Pitsall,rpitsall46@phoca.cz,Male,119.197.23.165
152,Catharina,Lombardo,clombardo47@thetimes.co.uk,Female,227.217.124.23
153,Creight,Petford,cpetford48@scribd.com,Male,78.85.232.82
154,Tabina,Jikylls,tjikylls49@soundcloud.com,Female,170.163.233.64
155,Ekaterina,Pinchbeck,epinchbeck4a@oaic.gov.au,Female,149.235.83.231
156,Perice,Dunwoody,pdunwoody4b@weather.com,Male,53.170.208.118
157,Orlan,Roofe,oroofe4c@joomla.org,Male,203.12.228.198
158,Fredi,Jacombs,fjacombs4d@disqus.com,Female,48.10.78.139
159,Valma,Guilbert,vguilbert4e@tumblr.com,Female,171.93.232.99
160,Huntlee,Fowlds,hfowlds4f@kickstarter.com,Male,233.84.165.69
161,Poul,Groocock,pgroocock4g@imageshack.us,Male,77.204.211.157
162,Bard,Dumingos,bdumingos4h@scribd.com,Male,120.244.156.94
163,Margarita,MacDirmid,mmacdirmid4i@nydailynews.com,Female,159.31.98.215
164,Garth,Smardon,gsmardon4j@dropbox.com,Male,102.28.230.254
165,Ritchie,Powling,rpowling4k@google.co.jp,Male,216.190.135.153
166,Marillin,Allabush,mallabush4l@weebly.com,Female,122.169.10.130
167,Yvette,Apted,yapted4m@nytimes.com,Female,157.15.122.251
168,Shir,Ditzel,sditzel4n@lycos.com,Female,204.193.51.92
169,Rafaelita,Donnison,rdonnison4o@multiply.com,Female,190.237.212.190
170,Barbi,Lorrain,blorrain4p@rakuten.co.jp,Female,99.116.224.227
171,Issi,Caulliere,icaulliere4q@dell.com,Female,83.178.239.227
172,Hilly,Summerson,hsummerson4r@ucoz.ru,Male,74.177.13.62
173,Kay,Wogden,kwogden4s@sfgate.com,Female,213.99.181.13
174,Lyman,Sowthcote,lsowthcote4t@macromedia.com,Male,122.104.145.211
175,Averil,Cathersides,acathersides4u@dmoz.org,Male,17.242.9.89
176,Ileana,Gilcrist,igilcrist4v@hao123.com,Female,180.119.118.213
177,Hestia,Bostick,hbostick4w@weibo.com,Female,167.178.46.147
178,Dawna,Peasegood,dpeasegood4x@wordpress.com,Female,54.154.73.225
179,Demetris,Hartus,dhartus4y@clickbank.net,Female,28.33.80.6
180,Ericha,Ingleston,eingleston4z@nbcnews.com,Female,46.75.124.226
181,Alfy,MacWilliam,amacwilliam50@amazon.co.uk,Female,23.59.129.88
182,Elizabeth,Daverin,edaverin51@accuweather.com,Female,55.148.215.13
183,Meaghan,Garrard,mgarrard52@vimeo.com,Female,154.254.209.8
184,Holden,Beasleigh,hbeasleigh53@amazon.co.uk,Male,35.66.77.212
185,Hale,Royds,hroyds54@ow.ly,Male,107.29.251.102
186,Silvie,MacDearmont,smacdearmont55@lycos.com,Female,151.43.57.36
187,Lodovico,Ingarfill,lingarfill56@exblog.jp,Male,219.202.182.95
188,Stewart,Abram,sabram57@npr.org,Male,160.173.112.184
189,Kerrill,Whilder,kwhilder58@europa.eu,Female,160.111.71.221
190,Gerry,Greenmon,ggreenmon59@fc2.com,Female,162.129.111.223
191,Algernon,Yuryatin,ayuryatin5a@tuttocitta.it,Male,105.67.55.254
192,Sutherland,Brands,sbrands5b@prweb.com,Male,106.59.147.19
193,Hershel,Brownsett,hbrownsett5c@example.com,Male,25.252.151.96
194,Nertie,Fullerlove,nfullerlove5d@princeton.edu,Female,175.122.146.186
195,Petronia,Sowood,psowood5e@plala.or.jp,Female,138.38.11.47
196,Taylor,Chisholm,tchisholm5f@opensource.org,Male,225.68.20.132
197,Brianne,Ackroyd,backroyd5g@behance.net,Female,27.241.115.191
198,Vernor,Ahmad,vahmad5h@moonfruit.com,Male,69.87.170.25
199,Rose,Dresche,rdresche5i@posterous.com,Female,130.168.14.106
200,Yves,Uc,yuc5j@ask.com,Male,222.154.186.179
201,Devora,Cholonin,dcholonin5k@netscape.com,Female,48.183.146.98
202,Garwin,Ivanichev,givanichev5l@abc.net.au,Male,232.78.84.240
203,Tabbi,Iaduccelli,tiaduccelli5m@cisco.com,Female,140.204.199.241
204,Mattias,Wane,mwane5n@fc2.com,Male,145.63.128.9
205,Newton,Hart,nhart5o@squidoo.com,Male,220.136.95.105
206,Malia,Pierrepont,mpierrepont5p@edublogs.org,Female,30.96.54.226
207,Jolynn,Lidbetter,jlidbetter5q@comcast.net,Female,178.252.242.225
208,Wilow,Fleckno,wfleckno5r@mozilla.org,Female,159.23.7.64
209,Omero,Parysiak,oparysiak5s@berkeley.edu,Male,209.59.56.127
210,Minta,Marc,mmarc5t@slashdot.org,Female,35.37.200.90
211,Lila,cornhill,lcornhill5u@cnbc.com,Female,240.231.129.158
212,Truman,Dockree,tdockree5v@google.com,Male,119.241.101.136
213,Kordula,Bletsoe,kbletsoe5w@ebay.com,Female,19.12.73.12
214,Sigismundo,Moysey,smoysey5x@paypal.com,Male,232.142.90.173
215,Broderic,Buttfield,bbuttfield5y@ow.ly,Male,29.234.192.124
216,Sonny,Boyett,sboyett5z@blinklist.com,Male,195.125.184.86
217,Gregor,Bedow,gbedow60@devhub.com,Male,42.237.13.136
218,Florie,Carty,fcarty61@mail.ru,Female,47.55.131.163
219,Dillie,Burfoot,dburfoot62@blogs.com,Male,229.120.50.94
220,Colin,Caccavale,ccaccavale63@tinyurl.com,Male,150.220.112.37
221,Minette,Terris,mterris64@senate.gov,Female,231.74.20.2
222,Nap,Maybury,nmaybury65@list-manage.com,Male,48.158.180.94
223,Clo,Mumford,cmumford66@bbb.org,Female,232.30.225.106
224,Neala,Braley,nbraley67@eventbrite.com,Female,107.50.217.96
225,Klement,Mendel,kmendel68@va.gov,Male,206.74.13.251
226,Herminia,Langhorn,hlanghorn69@china.com.cn,Female,210.149.89.253
227,Wait,Hume,whume6a@fastcompany.com,Male,176.89.186.46
228,Baudoin,Aguilar,baguilar6b@ca.gov,Male,203.36.41.51
229,Hebert,Hanlon,hhanlon6c@weibo.com,Male,127.33.41.102
230,Ysabel,Spreckley,yspreckley6d@t-online.de,Female,242.99.80.109
231,Kendra,Rowlett,krowlett6e@google.com.hk,Female,66.132.150.240
232,Andra,Chastel,achastel6f@businessinsider.com,Female,214.83.60.124
233,Percy,Todari,ptodari6g@java.com,Male,135.25.75.106
234,Rudy,Rentoll,rrentoll6h@furl.net,Male,118.24.3.154
235,Lezlie,Spragg,lspragg6i@dot.gov,Female,30.44.79.5
236,Dame,Eriksson,deriksson6j@hexun.com,Male,163.64.142.39
237,Tybalt,Patters,tpatters6k@google.it,Male,97.239.60.125
238,Emilee,Matthewes,ematthewes6l@qq.com,Female,57.115.18.185
239,Brant,Spratley,bspratley6m@narod.ru,Male,190.63.247.193
240,Jodie,Mansell,jmansell6n@discovery.com,Female,106.73.127.116
241,Marijo,Harrismith,mharrismith6o@accuweather.com,Female,132.1.230.137
242,Sher,Kobu,skobu6p@hibu.com,Female,92.141.242.112
243,Cecil,Luckett,cluckett6q@merriam-webster.com,Male,89.245.93.160
244,Ambrosi,Proven,aproven6r@yellowpages.com,Male,222.45.56.197
245,Herman,Makiver,hmakiver6s@hhs.gov,Male,221.39.147.58
246,Shepperd,Ccomini,sccomini6t@msn.com,Male,198.190.234.0
247,Filippa,Creamen,fcreamen6u@ow.ly,Female,200.248.45.34
248,Abby,Barnett,abarnett6v@deviantart.com,Male,254.176.128.182
249,Nessie,Andrusyak,nandrusyak6w@over-blog.com,Female,5.226.231.97
250,Flint,Clempton,fclempton6x@kickstarter.com,Male,97.161.231.161
251,Jonie,Gravells,jgravells6y@prnewswire.com,Female,60.35.158.3
252,Bryon,Quan,bquan6z@walmart.com,Male,141.68.40.214
253,Eddy,Sieve,esieve70@apple.com,Male,249.174.11.111
254,Jerrome,Skacel,jskacel71@dailymotion.com,Male,191.39.33.137
255,Paulie,Baskerfield,pbaskerfield72@fastcompany.com,Male,92.169.24.110
256,Dougy,Astupenas,dastupenas73@weibo.com,Male,159.216.9.18
257,Keith,Clowser,kclowser74@xinhuanet.com,Male,207.207.19.249
258,Rochelle,O'Glassane,roglassane75@berkeley.edu,Female,56.168.171.229
259,Efrem,Spadelli,espadelli76@wiley.com,Male,209.17.117.219
260,Jaynell,Siebart,jsiebart77@google.com.br,Female,169.183.146.39
261,Seline,Lascelles,slascelles78@goo.ne.jp,Female,63.140.102.68
262,Bradan,Brunsden,bbrunsden79@webnode.com,Male,204.95.112.22
263,Melvin,Brittain,mbrittain7a@nymag.com,Male,155.7.9.141
264,Kelcy,Niland,kniland7b@typepad.com,Female,188.79.135.58
265,Gavin,Wilsher,gwilsher7c@ca.gov,Male,125.199.34.26
266,Catherin,Pasby,cpasby7d@de.vu,Female,105.53.205.194
267,Kip,Brugger,kbrugger7e@symantec.com,Male,69.85.8.61
268,Lorrie,Le Jean,llejean7f@1688.com,Female,54.10.119.220
269,Harmony,McGookin,hmcgookin7g@vimeo.com,Female,75.160.2.154
270,Deck,Kain,dkain7h@ft.com,Male,1.138.37.241
271,Brandais,Crennan,bcrennan7i@g.co,Female,210.140.59.17
272,Abner,Chinge,achinge7j@ameblo.jp,Male,135.229.249.169
273,Marketa,Peniello,mpeniello7k@umn.edu,Female,147.250.213.173
274,Eduardo,Seagrove,eseagrove7l@vk.com,Male,239.232.216.187
275,Gilbertine,Leyrroyd,gleyrroyd7m@ask.com,Female,38.55.195.18
276,Arlyne,Caesmans,acaesmans7n@yellowpages.com,Female,255.78.26.183
277,Cathe,Jeens,cjeens7o@amazon.de,Female,78.172.1.125
278,Hephzibah,Grabeham,hgrabeham7p@tiny.cc,Female,248.231.232.95
279,Justus,Becconsall,jbecconsall7q@mayoclinic.com,Male,184.9.57.169
280,Priscilla,Townrow,ptownrow7r@nytimes.com,Female,177.158.99.237
281,Joaquin,Caplin,jcaplin7s@webs.com,Male,44.150.31.105
282,Pamella,Mullally,pmullally7t@desdev.cn,Female,204.45.50.211
283,Berton,Gabitis,bgabitis7u@who.int,Male,82.179.127.125
284,Kaitlin,Mathews,kmathews7v@wp.com,Female,218.226.165.119
285,Zaccaria,Sherreard,zsherreard7w@flavors.me,Male,136.44.15.63
286,Livvie,Sprasen,lsprasen7x@furl.net,Female,164.188.15.110
287,Bo,Burwell,bburwell7y@dot.gov,Male,58.102.73.79
288,Rodger,Le Marquand,rlemarquand7z@behance.net,Male,197.50.45.41
289,Ulric,Beek,ubeek80@github.com,Male,149.5.48.241
290,Kaitlynn,McRobbie,kmcrobbie81@constantcontact.com,Female,75.208.186.36
291,Olia,Malan,omalan82@is.gd,Female,32.100.81.125
292,Isa,Ely,iely83@engadget.com,Female,7.92.235.50
293,Sibby,Sherrard,ssherrard84@canalblog.com,Female,186.244.108.179
294,Burnaby,Sor,bsor85@hp.com,Male,105.78.89.168
295,Kara-lynn,Grichukhin,kgrichukhin86@soup.io,Female,0.138.249.29
296,Krista,Sapson,ksapson87@ed.gov,Female,30.229.151.120
297,Clive,Kingzett,ckingzett88@google.com.br,Male,220.99.188.39
298,Brok,Camamill,bcamamill89@washingtonpost.com,Male,177.0.35.37
299,Norene,Pennycock,npennycock8a@psu.edu,Female,230.171.148.59
300,Oliver,Miall,omiall8b@mtv.com,Male,31.237.54.12
301,Shanan,Orae,sorae8c@nydailynews.com,Male,163.32.76.129
302,Vladamir,O'Keenan,vokeenan8d@pcworld.com,Male,213.174.230.119
303,Eal,Fellgate,efellgate8e@g.co,Male,28.192.182.232
304,Teresina,Dorning,tdorning8f@miitbeian.gov.cn,Female,9.242.9.35
305,Frasco,Diment,fdiment8g@cmu.edu,Male,195.151.3.32
306,Becca,McFadzean,bmcfadzean8h@admin.ch,Female,159.130.248.55
307,Anna,Hesser,ahesser8i@adobe.com,Female,29.15.156.7
308,Kory,Colwill,kcolwill8j@etsy.com,Male,59.133.166.26
309,Fabian,O'Scannill,foscannill8k@google.co.uk,Male,181.5.216.131
310,Gabriel,Wheildon,gwheildon8l@aboutads.info,Female,42.87.17.224
311,Darren,Broseman,dbroseman8m@google.fr,Male,83.162.157.224
312,Angel,Gurnay,agurnay8n@cargocollective.com,Female,245.79.231.33
313,Atlanta,Bowlas,abowlas8o@fda.gov,Female,75.218.25.126
314,Willy,Vickery,wvickery8p@tripod.com,Female,182.81.183.57
315,Rudie,Joannidi,rjoannidi8q@patch.com,Male,120.48.74.132
316,Oralla,Tubb,otubb8r@mozilla.org,Female,162.220.231.186
317,Deborah,Rough,drough8s@hc360.com,Female,60.21.188.121
318,Rhiamon,Heijne,rheijne8t@fda.gov,Female,179.216.151.230
319,Hew,McNair,hmcnair8u@tinyurl.com,Male,255.61.12.136
320,Milt,Bertelmot,mbertelmot8v@skype.com,Male,183.92.84.151
321,Deborah,Villar,dvillar8w@woothemes.com,Female,252.231.223.79
322,Myrna,Mazzia,mmazzia8x@t-online.de,Female,3.148.251.112
323,Rodrigo,Janecki,rjanecki8y@mtv.com,Male,200.155.123.195
324,Astra,Heinert,aheinert8z@barnesandnoble.com,Female,199.42.132.233
325,Philomena,Belchamp,pbelchamp90@hexun.com,Female,121.22.13.206
326,Dennie,De Zamudio,ddezamudio91@digg.com,Male,157.162.54.64
327,Shaun,Foston,sfoston92@constantcontact.com,Male,11.253.10.145
328,Abbott,Kemmis,akemmis93@umn.edu,Male,14.34.15.25
329,Elsbeth,Harridge,eharridge94@webeden.co.uk,Female,218.162.122.98
330,Walliw,Peak,wpeak95@pen.io,Female,81.201.110.64
331,Matt,Fudge,mfudge96@prnewswire.com,Male,208.210.163.107
332,Bellina,Autry,bautry97@chronoengine.com,Female,53.0.19.112
333,Sophronia,Lambirth,slambirth98@army.mil,Female,209.1.246.39
334,Amargo,Paolozzi,apaolozzi99@techcrunch.com,Female,179.69.245.74
335,Brande,Hame,bhame9a@chronoengine.com,Female,157.174.87.87
336,Meyer,Lamps,mlamps9b@ft.com,Male,86.72.29.14
337,Brucie,Paulsson,bpaulsson9c@mlb.com,Male,4.237.41.55
338,Mayne,Alejandro,malejandro9d@craigslist.org,Male,181.58.130.89
339,Darice,Liddiard,dliddiard9e@mail.ru,Female,144.180.38.192
340,Rice,Speeding,rspeeding9f@homestead.com,Male,192.191.138.96
341,Palm,Penvarden,ppenvarden9g@wufoo.com,Male,71.247.31.78
342,Pierette,Elijah,pelijah9h@noaa.gov,Female,150.69.91.148
343,Darius,Cloke,dcloke9i@shop-pro.jp,Male,109.244.45.167
344,Minnaminnie,Illidge,millidge9j@desdev.cn,Female,8.178.255.84
345,Flint,McKeller,fmckeller9k@issuu.com,Male,186.232.146.128
346,Hugh,Monger,hmonger9l@hp.com,Male,161.250.49.221
347,Dalila,Mackinder,dmackinder9m@virginia.edu,Female,26.251.155.224
348,Stafani,Trenear,strenear9n@ezinearticles.com,Female,58.116.10.40
349,Mattheus,Hegg,mhegg9o@pagesperso-orange.fr,Male,100.120.27.190
350,Trudey,Bertomeu,tbertomeu9p@google.pl,Female,175.92.97.215
351,Teodoor,Sandle,tsandle9q@desdev.cn,Male,141.227.252.86
352,Edwin,Apps,eapps9r@shop-pro.jp,Male,56.61.182.41
353,Ulysses,Milton,umilton9s@ted.com,Male,201.39.155.114
354,Madlin,Wilford,mwilford9t@about.me,Female,124.14.237.119
355,Taylor,Hek,thek9u@wikia.com,Male,20.57.199.109
356,Petrina,Grishagin,pgrishagin9v@arizona.edu,Female,233.83.220.122
357,Celle,Jannequin,cjannequin9w@google.co.jp,Female,59.140.91.5
358,Chloette,Kinze,ckinze9x@fastcompany.com,Female,107.136.8.133
359,Daryl,Inchan,dinchan9y@uol.com.br,Female,90.217.22.30
360,Elena,Nund,enund9z@photobucket.com,Female,129.120.200.54
361,Petronia,Albon,palbona0@patch.com,Female,17.156.220.142
362,Gerard,MacGarvey,gmacgarveya1@51.la,Male,187.37.99.198
363,Waiter,Cullington,wcullingtona2@upenn.edu,Male,240.96.242.29
364,Ailee,Pherps,apherpsa3@senate.gov,Female,130.38.132.96
365,Phoebe,Starking,pstarkinga4@elpais.com,Female,47.54.122.146
366,Launce,Dumingos,ldumingosa5@google.co.uk,Male,187.248.184.231
367,Nowell,Jeacock,njeacocka6@eepurl.com,Male,235.223.105.135
368,Fair,Blondelle,fblondellea7@go.com,Male,114.86.83.118
369,Branden,Wyard,bwyarda8@youku.com,Male,129.60.0.8
370,Jonie,Wikey,jwikeya9@blogs.com,Female,71.217.217.18
371,Bale,Glanert,bglanertaa@usatoday.com,Male,5.222.146.94
372,Roderick,Luetkemeyer,rluetkemeyerab@flickr.com,Male,123.135.7.206
373,Alyssa,Lavarack,alavarackac@ow.ly,Female,238.79.157.187
374,Delbert,Silveston,dsilvestonad@loc.gov,Male,248.175.34.46
375,Herc,Pogue,hpogueae@examiner.com,Male,208.55.138.85
376,Antony,Stoller,astolleraf@dedecms.com,Male,48.220.41.89
377,Olag,Jellyman,ojellymanag@g.co,Male,132.214.24.106
378,Loydie,Caris,lcarisah@whitehouse.gov,Male,27.125.151.251
379,Alvin,Epp,aeppai@angelfire.com,Male,248.3.113.242
380,Ade,Ackenson,aackensonaj@newsvine.com,Male,204.81.243.140
381,Carolynn,Conquest,cconquestak@technorati.com,Female,68.138.166.56
382,Penelopa,Rowlands,prowlandsal@dagondesign.com,Female,190.141.145.221
383,Corliss,Seyler,cseyleram@com.com,Female,90.89.21.198
384,Dianne,Parris,dparrisan@webeden.co.uk,Female,27.18.167.191
385,Cary,Youles,cyoulesao@artisteer.com,Male,105.25.144.230
386,Doroteya,Retchless,dretchlessap@nyu.edu,Female,215.142.15.119
387,Lissy,Cullnean,lcullneanaq@mozilla.org,Female,149.188.181.236
388,Kathi,Enga,kengaar@earthlink.net,Female,73.246.209.1
389,Godiva,Kittiman,gkittimanas@smugmug.com,Female,221.41.7.114
390,Emmit,Pflieger,epfliegerat@nydailynews.com,Male,42.141.153.76
391,D'arcy,Scemp,dscempau@dedecms.com,Male,115.170.222.101
392,Parrnell,Streader,pstreaderav@uol.com.br,Male,196.78.104.150
393,Bar,Prichet,bprichetaw@archive.org,Male,25.17.13.48
394,Wallas,Longmire,wlongmireax@arstechnica.com,Male,199.242.180.130
395,Bartel,Onn,bonnay@google.nl,Male,198.249.254.203
396,Carina,Arnauduc,carnauducaz@washingtonpost.com,Female,13.46.86.35
397,Emalia,Ommundsen,eommundsenb0@meetup.com,Female,249.69.206.30
398,Zacherie,Condy,zcondyb1@domainmarket.com,Male,208.162.233.151
399,Paddy,Chippin,pchippinb2@pinterest.com,Male,50.29.114.252
400,Helaina,Foystone,hfoystoneb3@w3.org,Female,2.33.180.83
401,Kennett,Gravatt,kgravattb4@opera.com,Male,0.114.109.233
402,Cyril,Pridie,cpridieb5@netlog.com,Male,116.106.200.92
403,Culley,Scandrett,cscandrettb6@about.com,Male,223.104.148.155
404,Carolin,Leech,cleechb7@unicef.org,Female,247.75.243.50
405,Rafael,Feehely,rfeehelyb8@opensource.org,Male,160.165.70.21
406,Sherman,Greedy,sgreedyb9@squidoo.com,Male,91.191.152.244
407,Annice,Braunle,abraunleba@businesswire.com,Female,44.58.169.40
408,Minna,Austin,maustinbb@imageshack.us,Female,93.244.21.188
409,Tessi,Feeney,tfeeneybc@cnbc.com,Female,213.216.71.13
410,Dimitri,Gilliam,dgilliambd@gnu.org,Male,88.132.183.38
411,Jodi,Westrip,jwestripbe@blinklist.com,Female,236.236.173.16
412,Virgilio,Caroline,vcarolinebf@aboutads.info,Male,61.245.240.162
413,Shanie,Amsberger,samsbergerbg@tinypic.com,Female,234.103.194.151
414,Burnard,Falconer,bfalconerbh@zimbio.com,Male,159.42.68.224
415,Manuel,Glendzer,mglendzerbi@rediff.com,Male,237.212.60.230
416,Laurent,Busswell,lbusswellbj@networksolutions.com,Male,11.109.29.166
417,Lorrie,Crassweller,lcrasswellerbk@kickstarter.com,Male,218.234.229.25
418,Griselda,Howieson,ghowiesonbl@sohu.com,Female,80.13.100.187
419,Kerstin,Squibe,ksquibebm@google.com.br,Female,29.75.91.156
420,Gage,Kemball,gkemballbn@bizjournals.com,Male,228.2.183.207
421,Ed,Lattos,elattosbo@msn.com,Male,197.148.247.67
422,Nicole,Peppard,npeppardbp@shutterfly.com,Female,57.92.41.158
423,Nils,Gunney,ngunneybq@yellowbook.com,Male,109.198.227.221
424,Erena,Orthmann,eorthmannbr@t-online.de,Female,23.3.200.250
425,Skye,Romme,srommebs@list-manage.com,Male,101.96.38.207
426,Robbin,Chitson,rchitsonbt@yellowpages.com,Female,47.221.248.87
427,Daveen,Bendell,dbendellbu@msn.com,Female,102.146.86.49
428,Papagena,Heskin,pheskinbv@google.ca,Female,156.158.57.239
429,Darda,Treweke,dtrewekebw@nbcnews.com,Female,192.71.29.210
430,Northrop,Dellatorre,ndellatorrebx@time.com,Male,241.20.8.29
431,Jaynell,Lorenzetto,jlorenzettoby@bbb.org,Female,242.236.83.102
432,Leodora,Golsthorp,lgolsthorpbz@zdnet.com,Female,11.5.187.223
433,Correna,Callaway,ccallawayc0@sun.com,Female,81.188.108.7
434,Auberon,Graser,agraserc1@freewebs.com,Male,194.93.146.199
435,Arch,Mounter,amounterc2@google.es,Male,34.139.104.248
436,Darby,Lechmere,dlechmerec3@scribd.com,Male,168.157.105.170
437,Milli,Farebrother,mfarebrotherc4@icq.com,Female,6.103.132.235
438,Cassondra,Tinsey,ctinseyc5@europa.eu,Female,5.54.226.157
439,Aldwin,Firebrace,afirebracec6@smh.com.au,Male,81.12.188.105
440,Ulrika,Tierney,utierneyc7@com.com,Female,54.168.64.137
441,Johnathon,Jeanes,jjeanesc8@xrea.com,Male,250.222.152.57
442,Madalena,Lusty,mlustyc9@icio.us,Female,195.226.248.83
443,Benny,Galego,bgalegoca@studiopress.com,Female,69.134.160.37
444,Gerry,Haythorn,ghaythorncb@cnet.com,Male,120.125.181.242
445,Serge,Jobin,sjobincc@360.cn,Male,6.197.98.36
446,Mureil,Hillyatt,mhillyattcd@sakura.ne.jp,Female,226.70.77.63
447,Haslett,Elfitt,helfittce@webmd.com,Male,137.83.104.147
448,Maritsa,Doxey,mdoxeycf@smh.com.au,Female,233.129.207.167
449,Lazaro,Pymer,lpymercg@mozilla.com,Male,185.203.125.189
450,Mimi,Coombs,mcoombsch@liveinternet.ru,Female,82.197.228.226
451,Garv,Le Marchant,glemarchantci@sciencedaily.com,Male,204.33.166.47
452,Wini,Fancott,wfancottcj@clickbank.net,Female,190.102.225.5
453,Munroe,Sarver,msarverck@cbc.ca,Male,188.113.117.170
454,Andreas,Westphal,awestphalcl@rambler.ru,Male,16.118.87.90
455,Balduin,Day,bdaycm@slate.com,Male,103.89.172.81
456,Beryle,Harnell,bharnellcn@elpais.com,Female,67.230.139.184
457,Sunny,Hrinchenko,shrinchenkoco@addthis.com,Male,36.144.235.230
458,Corrinne,Strathearn,cstrathearncp@elegantthemes.com,Female,160.170.127.72
459,Celene,Wiffen,cwiffencq@microsoft.com,Female,114.116.226.12
460,Wilhelm,Hoyles,whoylescr@hp.com,Male,255.73.197.11
461,Sandy,Capinetti,scapinettics@abc.net.au,Male,87.176.200.180
462,Karissa,Clever,kcleverct@barnesandnoble.com,Female,210.8.225.161
463,Carina,Perillo,cperillocu@marriott.com,Female,158.140.95.223
464,Deeyn,Basham,dbashamcv@reference.com,Female,221.238.220.129
465,Garrick,Oats,goatscw@themeforest.net,Male,2.146.50.186
466,Rudolfo,Ber,rbercx@addthis.com,Male,112.225.197.57
467,Robinia,Sennett,rsennettcy@ft.com,Female,16.199.63.196
468,Lainey,Fero,lferocz@so-net.ne.jp,Female,35.88.246.45
469,Naomi,Croster,ncrosterd0@google.co.uk,Female,208.248.157.93
470,Allie,Southernwood,asouthernwoodd1@t-online.de,Female,118.192.183.72
471,Angie,Rainton,araintond2@uol.com.br,Male,39.35.188.158
472,Anne,Blakiston,ablakistond3@telegraph.co.uk,Female,111.162.179.72
473,Floyd,Atthow,fatthowd4@hubpages.com,Male,232.108.184.237
474,Elston,Pilfold,epilfoldd5@amazon.co.jp,Male,155.188.74.201
475,Tonnie,Amott,tamottd6@sina.com.cn,Male,186.26.255.91
476,Lanita,Florez,lflorezd7@chron.com,Female,179.119.146.143
477,Enos,Farmar,efarmard8@tripod.com,Male,10.24.74.207
478,Ciro,Gillam,cgillamd9@macromedia.com,Male,8.222.51.37
479,Warde,Ruffles,wrufflesda@imgur.com,Male,30.4.99.234
480,Fancie,Pagram,fpagramdb@alibaba.com,Female,158.5.8.112
481,Carie,Drache,cdrachedc@fema.gov,Female,51.130.157.19
482,Sanford,Toyne,stoynedd@sun.com,Male,240.7.244.142
483,Morgun,Adlam,madlamde@prnewswire.com,Male,102.56.152.86
484,Yetta,Simmonite,ysimmonitedf@cafepress.com,Female,87.4.211.37
485,Riccardo,Drowsfield,rdrowsfielddg@engadget.com,Male,21.131.217.57
486,Melvin,Tripe,mtripedh@washingtonpost.com,Male,48.212.239.133
487,Tory,Carloni,tcarlonidi@uiuc.edu,Female,102.83.167.80
488,Carmon,Raraty,craratydj@earthlink.net,Female,208.42.17.199
489,Eliot,MacInherney,emacinherneydk@vkontakte.ru,Male,1.69.121.90
490,Chrissie,Ruspine,cruspinedl@answers.com,Female,60.3.222.44
491,Kiel,Bruckstein,kbrucksteindm@livejournal.com,Male,138.69.202.156
492,Hillard,Tunniclisse,htunniclissedn@bandcamp.com,Male,100.91.213.76
493,Lauri,Labrum,llabrumdo@samsung.com,Female,36.56.183.155
494,Gerry,Sinnocke,gsinnockedp@cbsnews.com,Female,192.221.103.192
495,Gay,Fortman,gfortmandq@uol.com.br,Male,147.111.194.76
496,Alley,Busse,abussedr@unicef.org,Male,51.222.204.241
497,Jessa,Eustes,jeustesds@myspace.com,Female,162.131.214.105
498,Morey,Calan,mcalandt@fastcompany.com,Male,47.78.175.12
499,Jobie,Gouldeby,jgouldebydu@slideshare.net,Female,63.136.211.251
500,Stacee,Galletly,sgalletlydv@hubpages.com,Female,223.124.182.9
501,Jude,Gerram,jgerramdw@ibm.com,Male,38.148.128.197
502,Oren,Grishankov,ogrishankovdx@delicious.com,Male,247.31.127.144
503,Hermia,McCarlie,hmccarliedy@samsung.com,Female,104.230.160.160
504,Finn,Iskov,fiskovdz@instagram.com,Male,226.25.192.238
505,Foss,Lockett,flockette0@chron.com,Male,114.124.246.9
506,Rina,Axton,raxtone1@princeton.edu,Female,3.129.1.6
507,Galvan,Garces,ggarcese2@altervista.org,Male,130.123.143.87
508,Lloyd,Elman,lelmane3@who.int,Male,207.180.77.112
509,Linet,Cool,lcoole4@google.com.br,Female,197.89.177.59
510,Brigitta,Knock,bknocke5@who.int,Female,107.173.122.137
511,Bernardina,Cockrill,bcockrille6@yahoo.co.jp,Female,91.74.160.60
512,Bryn,Harborow,bharborowe7@wired.com,Female,133.124.35.65
513,Brianna,Sitlington,bsitlingtone8@ameblo.jp,Female,192.115.207.143
514,Antoni,Ripping,arippinge9@webs.com,Male,232.80.255.121
515,Miguelita,Bethel,mbethelea@github.io,Female,232.191.126.28
516,Theadora,Grundon,tgrundoneb@bbb.org,Female,72.89.173.51
517,Jeniffer,Balch,jbalchec@cbslocal.com,Female,105.70.82.156
518,Lanie,Dreinan,ldreinaned@businessweek.com,Female,120.33.150.75
519,Thomas,Housbie,thousbieee@biblegateway.com,Male,145.54.54.103
520,Correy,Rosevear,crosevearef@foxnews.com,Male,180.36.86.25
521,Tildi,Elphey,telpheyeg@jimdo.com,Female,61.15.115.85
522,Hyacintha,Bockmaster,hbockmastereh@microsoft.com,Female,151.31.197.74
523,Ruperto,Alty,raltyei@hud.gov,Male,150.59.186.14
524,Fraser,Klaff,fklaffej@gmpg.org,Male,141.31.52.100
525,Barbie,Culvey,bculveyek@shinystat.com,Female,155.120.55.171
526,Homere,Ivanilov,hivanilovel@1und1.de,Male,67.198.59.132
527,Sidney,Allewell,sallewellem@hexun.com,Male,217.144.58.77
528,Nicola,McCaighey,nmccaigheyen@networkadvertising.org,Male,226.194.9.222
529,Cherida,Cockerton,ccockertoneo@businessinsider.com,Female,160.141.123.90
530,Claudie,McGinny,cmcginnyep@multiply.com,Female,250.208.253.120
531,Retha,Birth,rbirtheq@mozilla.org,Female,166.8.144.197
532,Creigh,MacLure,cmaclureer@yandex.ru,Male,56.204.109.114
533,Orazio,Gaskin,ogaskines@networksolutions.com,Male,7.199.124.60
534,Rutledge,Porkiss,rporkisset@biglobe.ne.jp,Male,223.60.252.240
535,Maurie,Soden,msodeneu@walmart.com,Male,242.25.33.206
536,Hilton,Danielski,hdanielskiev@elpais.com,Male,174.2.39.50
537,Peta,Foldes,pfoldesew@time.com,Female,59.8.187.188
538,Rustin,Brearley,rbrearleyex@t.co,Male,83.196.108.138
539,Merle,Elleton,melletoney@cargocollective.com,Male,105.44.47.57
540,Corny,Mehmet,cmehmetez@rambler.ru,Male,217.177.225.235
541,Claudio,Adamkiewicz,cadamkiewiczf0@msn.com,Male,170.135.86.224
542,Delmer,Axford,daxfordf1@wiley.com,Male,129.232.148.66
543,Fields,Lound,floundf2@gravatar.com,Male,255.54.131.52
544,Barby,Fallowes,bfallowesf3@upenn.edu,Female,245.106.89.54
545,Tedda,Hartington,thartingtonf4@quantcast.com,Female,112.32.202.136
546,Rowney,Balaison,rbalaisonf5@seattletimes.com,Male,45.116.107.5
547,Jamil,Wevell,jwevellf6@mapquest.com,Male,104.241.93.244
548,Faulkner,Held,fheldf7@booking.com,Male,165.25.88.103
549,Leesa,Clayden,lclaydenf8@google.pl,Female,43.8.189.2
550,Con,Breitler,cbreitlerf9@ebay.com,Male,11.212.164.245
551,Melisa,Bownes,mbownesfa@domainmarket.com,Female,183.3.95.162
552,Nanette,Guiett,nguiettfb@e-recht24.de,Female,59.113.136.118
553,Tedi,Canfer,tcanferfc@comcast.net,Female,184.73.165.131
554,Avrom,Follows,afollowsfd@ed.gov,Male,96.96.133.43
555,Dimitry,Giffaut,dgiffautfe@nasa.gov,Male,227.91.187.177
556,Jehanna,Lesek,jlesekff@fda.gov,Female,176.243.46.152
557,Selie,Fer,sferfg@chron.com,Female,119.29.156.112
558,Rosabelle,Gibbins,rgibbinsfh@g.co,Female,88.109.124.1
559,Derward,Covet,dcovetfi@pbs.org,Male,57.133.246.168
560,Paolo,Gravey,pgraveyfj@ehow.com,Male,192.125.150.243
561,Kellina,A'field,kafieldfk@w3.org,Female,224.238.145.218
562,Novelia,Kitter,nkitterfl@paypal.com,Female,218.115.246.99
563,Brandon,McDonnell,bmcdonnellfm@example.com,Male,133.241.43.112
564,Wenonah,Shasnan,wshasnanfn@ocn.ne.jp,Female,235.60.87.241
565,Siobhan,Imlen,simlenfo@samsung.com,Female,161.243.226.110
566,Borden,Dallmann,bdallmannfp@pen.io,Male,170.237.101.251
567,Darleen,Hugo,dhugofq@t.co,Female,254.10.96.189
568,Rich,Hassekl,rhasseklfr@chron.com,Male,206.128.8.170
569,Sasha,Rilton,sriltonfs@google.es,Male,41.169.209.176
570,Gwenore,Potteril,gpotterilft@omniture.com,Female,125.47.243.82
571,Osmond,Caldwall,ocaldwallfu@narod.ru,Male,221.8.64.92
572,Marsiella,Spaughton,mspaughtonfv@blogger.com,Female,20.115.177.127
573,Lewiss,Purvess,lpurvessfw@census.gov,Male,147.179.108.189
574,Cullan,Atcherley,catcherleyfx@godaddy.com,Male,159.54.229.51
575,Stefania,Roder,sroderfy@multiply.com,Female,200.108.243.155
576,Gabriel,Goldthorpe,ggoldthorpefz@goodreads.com,Male,58.157.15.96
577,Horatio,Ladel,hladelg0@sciencedaily.com,Male,69.43.141.192
578,Helsa,Hugle,hhugleg1@baidu.com,Female,176.122.29.69
579,Gustavus,Merring,gmerringg2@simplemachines.org,Male,208.33.150.62
580,Pat,Greenmon,pgreenmong3@t.co,Female,230.16.251.44
581,Guillemette,McSweeney,gmcsweeneyg4@odnoklassniki.ru,Female,249.54.141.211
582,Tori,Floyd,tfloydg5@g.co,Female,13.221.70.198
583,Barbie,Mowatt,bmowattg6@nymag.com,Female,187.124.51.91
584,Benyamin,McGragh,bmcgraghg7@godaddy.com,Male,216.198.178.199
585,Agata,Wayon,awayong8@nifty.com,Female,226.125.0.9
586,Gillie,Trynor,gtrynorg9@mashable.com,Female,101.122.73.213
587,Sharona,Hadrill,shadrillga@ed.gov,Female,225.164.180.8
588,Kristopher,Howgill,khowgillgb@ox.ac.uk,Male,112.100.7.223
589,Rhodia,Cotelard,rcotelardgc@blogtalkradio.com,Female,135.251.126.206
590,Monty,Grenville,mgrenvillegd@google.com,Male,87.251.87.242
591,Sibelle,Bohike,sbohikege@wikipedia.org,Female,73.106.119.54
592,Roxy,Knappe,rknappegf@state.gov,Female,109.59.111.123
593,Cirillo,Domaschke,cdomaschkegg@acquirethisname.com,Male,96.104.76.82
594,Massimo,Brunicke,mbrunickegh@about.com,Male,209.233.26.90
595,Boigie,Whitear,bwhiteargi@nifty.com,Male,245.37.49.170
596,Dennison,Scarlon,dscarlongj@imgur.com,Male,165.196.77.121
597,Graig,Leon,gleongk@boston.com,Male,172.30.108.41
598,Ingaberg,Lowers,ilowersgl@forbes.com,Female,175.39.174.246
599,Bucky,Freak,bfreakgm@mediafire.com,Male,143.221.42.206
600,Joelynn,Klaggeman,jklaggemangn@vinaora.com,Female,3.59.133.181
601,Ruthie,Shearsby,rshearsbygo@wordpress.com,Female,126.124.115.142
602,Heindrick,Eadon,headongp@howstuffworks.com,Male,188.219.10.225
603,Christie,Darrell,cdarrellgq@google.it,Male,1.82.43.184
604,Barbara-anne,Papes,bpapesgr@imgur.com,Female,133.148.132.62
605,Isidore,Conyers,iconyersgs@nifty.com,Male,50.242.3.181
606,Angel,Botton,abottongt@go.com,Male,17.31.175.158
607,Kahaleel,Bamlett,kbamlettgu@about.com,Male,194.192.74.144
608,Evelyn,Draco,edracogv@yolasite.com,Male,153.79.157.168
609,Blanch,Tingly,btinglygw@paypal.com,Female,204.43.196.11
610,Biddie,Szymanowicz,bszymanowiczgx@cnet.com,Female,9.67.206.122
611,Gael,Thomtson,gthomtsongy@drupal.org,Female,203.53.25.203
612,Sarette,Speer,sspeergz@opera.com,Female,169.87.99.88
613,Jon,Ballantyne,jballantyneh0@hud.gov,Male,130.161.139.51
614,Averill,Ownsworth,aownsworthh1@columbia.edu,Male,146.143.179.232
615,Karlens,Elleray,kellerayh2@aol.com,Male,47.247.110.173
616,Lurline,Mozzetti,lmozzettih3@techcrunch.com,Female,217.155.181.54
617,Queenie,Kerrod,qkerrodh4@howstuffworks.com,Female,1.66.34.45
618,Sile,Silveston,ssilvestonh5@wix.com,Female,190.243.10.216
619,Anatole,Leving,alevingh6@dyndns.org,Male,175.40.73.186
620,Stephen,Jaycock,sjaycockh7@cargocollective.com,Male,182.199.117.88
621,Kimball,Ericsson,kericssonh8@google.ca,Male,221.136.223.31
622,Luke,Rodwell,lrodwellh9@virginia.edu,Male,229.189.178.182
623,Jamie,Cozzi,jcozziha@csmonitor.com,Male,156.156.144.250
624,Lanie,Sillwood,lsillwoodhb@cmu.edu,Male,159.98.37.177
625,Arlette,Cassin,acassinhc@scribd.com,Female,82.9.198.187
626,Nickolaus,Trelevan,ntrelevanhd@gizmodo.com,Male,22.249.104.179
627,Annie,Courage,acouragehe@themeforest.net,Female,237.97.144.179
628,Peg,Friman,pfrimanhf@timesonline.co.uk,Female,203.100.178.37
629,Angil,Hempshall,ahempshallhg@simplemachines.org,Female,216.113.94.70
630,Nevile,Burney,nburneyhh@sakura.ne.jp,Male,209.66.223.103
631,Symon,Ferre,sferrehi@google.fr,Male,179.82.58.108
632,Loutitia,Rummer,lrummerhj@alexa.com,Female,199.231.117.203
633,Shannah,Zini,szinihk@bizjournals.com,Female,145.128.197.210
634,Berthe,Harron,bharronhl@cafepress.com,Female,90.104.183.130
635,Griz,Topes,gtopeshm@hhs.gov,Male,124.155.180.164
636,Richmound,Lattie,rlattiehn@loc.gov,Male,209.100.30.126
637,Kathie,Duddridge,kduddridgeho@devhub.com,Female,205.207.104.177
638,Roscoe,Dillimore,rdillimorehp@dmoz.org,Male,74.91.76.182
639,Ennis,Ennor,eennorhq@weibo.com,Male,165.97.81.122
640,Quintana,Fulle,qfullehr@yelp.com,Female,8.11.67.112
641,Erich,Brewerton,ebrewertonhs@bloglines.com,Male,195.181.84.218
642,Gawain,Gabb,ggabbht@ehow.com,Male,6.62.183.52
643,Linoel,Wiffler,lwifflerhu@guardian.co.uk,Male,118.15.218.188
644,Hamil,Delhanty,hdelhantyhv@nhs.uk,Male,234.50.58.29
645,Erich,Bartolomieu,ebartolomieuhw@w3.org,Male,80.39.114.87
646,Errol,Skitterel,eskitterelhx@marriott.com,Male,65.197.203.218
647,Waylan,Jagiello,wjagiellohy@unesco.org,Male,109.85.146.40
648,Chase,Volleth,cvollethhz@meetup.com,Male,7.136.135.47
649,Costa,Frodsam,cfrodsami0@simplemachines.org,Male,112.147.88.125
650,Hedy,Haberfield,hhaberfieldi1@opensource.org,Female,86.151.39.117
651,Fredericka,Jackalin,fjackalini2@google.fr,Female,172.129.238.18
652,Keith,Umpleby,kumplebyi3@weibo.com,Male,43.209.196.109
653,Redford,Delyth,rdelythi4@ft.com,Male,13.240.23.162
654,Corene,Paynter,cpaynteri5@cafepress.com,Female,85.198.207.55
655,Jeanelle,Folkes,jfolkesi6@live.com,Female,205.5.242.158
656,Rachel,Tavernor,rtavernori7@cmu.edu,Female,64.89.147.255
657,Brady,Hallowell,bhallowelli8@meetup.com,Male,4.201.114.169
658,Rhianna,Connor,rconnori9@chicagotribune.com,Female,67.144.148.160
659,Blanca,Randalson,brandalsonia@kickstarter.com,Female,175.181.123.189
660,Bell,Ksandra,bksandraib@netscape.com,Female,49.40.217.111
661,Drucill,Asel,daselic@house.gov,Female,28.219.182.87
662,Gayle,Cradduck,gcradduckid@washington.edu,Male,116.83.91.68
663,Judie,Murton,jmurtonie@sciencedaily.com,Female,56.22.219.6
664,Fidelio,de Villier,fdevillierif@senate.gov,Male,41.86.229.235
665,Kalindi,Evanson,kevansonig@webeden.co.uk,Female,106.28.147.122
666,Sophie,Burwood,sburwoodih@ca.gov,Female,164.199.22.99
667,Rina,Brockest,rbrockestii@craigslist.org,Female,45.143.219.24
668,Kirstyn,Rawood,krawoodij@chicagotribune.com,Female,152.11.128.112
669,Martie,Brunon,mbrunonik@woothemes.com,Male,120.71.185.85
670,Bartholomeus,Mawer,bmaweril@google.co.uk,Male,202.100.252.136
671,Doy,Wheater,dwheaterim@gravatar.com,Male,250.239.221.223
672,Theadora,Dee,tdeein@reference.com,Female,135.4.153.47
673,Margaret,Caird,mcairdio@cocolog-nifty.com,Female,202.107.76.163
674,Devland,Eshelby,deshelbyip@pinterest.com,Male,111.197.41.89
675,Adaline,Kelbie,akelbieiq@histats.com,Female,30.70.223.52
676,Pat,Fosten,pfostenir@discuz.net,Female,124.146.183.46
677,Somerset,Sutherns,ssuthernsis@liveinternet.ru,Male,154.22.3.85
678,Jessalyn,Keat,jkeatit@cam.ac.uk,Female,124.102.167.128
679,Cyndie,Skerme,cskermeiu@sina.com.cn,Female,179.194.65.84
680,Eamon,Posnette,eposnetteiv@bravesites.com,Male,240.193.170.110
681,Adelle,Borwick,aborwickiw@marriott.com,Female,71.149.168.123
682,Ford,Stannard,fstannardix@discuz.net,Male,129.236.62.157
683,George,MacCoughan,gmaccoughaniy@istockphoto.com,Male,120.111.13.19
684,Lonnie,Landor,llandoriz@sourceforge.net,Female,18.217.94.125
685,Omero,Phillimore,ophillimorej0@msn.com,Male,207.166.26.120
686,Serena,Petty,spettyj1@house.gov,Female,97.44.17.232
687,Rheta,Beech,rbeechj2@accuweather.com,Female,203.38.62.153
688,Emmeline,Greiswood,egreiswoodj3@tamu.edu,Female,243.207.132.54
689,Laurie,Mompesson,lmompessonj4@reuters.com,Female,243.122.223.106
690,Susannah,McFater,smcfaterj5@apache.org,Female,92.119.24.148
691,Chelsy,Cecely,ccecelyj6@si.edu,Female,206.12.120.235
692,Edik,Turner,eturnerj7@umich.edu,Male,229.127.79.192
693,Alberto,Phil,aphilj8@bandcamp.com,Male,10.87.53.15
694,Oswell,Muckian,omuckianj9@flickr.com,Male,189.207.185.55
695,Feliks,Goodin,fgoodinja@vk.com,Male,233.20.225.141
696,Welby,Pierro,wpierrojb@miibeian.gov.cn,Male,146.105.148.60
697,Asa,Eastope,aeastopejc@slashdot.org,Male,187.155.16.136
698,Quintin,Gookes,qgookesjd@cbslocal.com,Male,159.65.16.216
699,Ina,Beeton,ibeetonje@homestead.com,Female,106.174.167.220
700,Ethel,Sanchez,esanchezjf@ucla.edu,Female,76.217.153.204
701,Dominik,Cheverell,dcheverelljg@npr.org,Male,11.188.118.233
702,Lidia,Bendell,lbendelljh@techcrunch.com,Female,28.86.5.171
703,Jacky,Brader,jbraderji@upenn.edu,Male,165.77.249.28
704,Sharon,McGoon,smcgoonjj@jigsy.com,Female,37.37.0.27
705,Shanan,Friday,sfridayjk@mozilla.com,Male,26.6.12.35
706,Lanny,Gherardi,lgherardijl@meetup.com,Male,214.58.169.155
707,Josefina,O'Hegertie,johegertiejm@dell.com,Female,202.77.145.195
708,Mathe,O' Neligan,moneliganjn@eepurl.com,Male,24.65.176.47
709,Adelind,Venus,avenusjo@ucoz.com,Female,150.78.45.35
710,Dacia,Creffield,dcreffieldjp@techcrunch.com,Female,250.79.212.56
711,Zacharie,Klamp,zklampjq@google.ru,Male,173.69.150.182
712,Leora,Longlands,llonglandsjr@dedecms.com,Female,131.63.222.219
713,Kelsey,Gawith,kgawithjs@hubpages.com,Female,250.141.178.255
714,Ruy,Kmietsch,rkmietschjt@usda.gov,Male,48.241.192.147
715,Delmore,Abbiss,dabbissju@google.nl,Male,253.25.211.132
716,Serena,Nevin,snevinjv@ca.gov,Female,29.1.29.244
717,Bord,Nucator,bnucatorjw@indiegogo.com,Male,12.170.116.124
718,Kaiser,Ely,kelyjx@comcast.net,Male,228.124.189.125
719,Hunt,Picheford,hpichefordjy@dailymotion.com,Male,117.131.157.253
720,Margalit,Nashe,mnashejz@wikispaces.com,Female,114.18.157.65
721,Ertha,de Almeida,edealmeidak0@washingtonpost.com,Female,255.116.93.217
722,Paige,Maloney,pmaloneyk1@a8.net,Female,43.68.174.241
723,Minni,Insall,minsallk2@topsy.com,Female,187.115.62.134
724,Alden,Bayston,abaystonk3@gizmodo.com,Male,140.116.45.190
725,Dionysus,Matusevich,dmatusevichk4@ft.com,Male,236.77.187.61
726,Torrin,Leipnik,tleipnikk5@yelp.com,Male,226.152.177.106
727,Pauline,Dakhno,pdakhnok6@123-reg.co.uk,Female,36.144.179.51
728,Adey,Pozzi,apozzik7@over-blog.com,Female,212.253.229.195
729,Susanetta,Whittock,swhittockk8@rediff.com,Female,187.249.72.232
730,Elane,Caris,ecarisk9@yellowbook.com,Female,216.253.183.11
731,Torie,Poluzzi,tpoluzzika@quantcast.com,Female,191.169.188.202
732,Loy,Dine-Hart,ldinehartkb@studiopress.com,Male,74.113.178.248
733,Grange,Aleshintsev,galeshintsevkc@nydailynews.com,Male,30.220.16.6
734,Leta,Spiers,lspierskd@pen.io,Female,104.2.3.219
735,Pierson,McPartlin,pmcpartlinke@telegraph.co.uk,Male,27.1.142.136
736,Jenn,Izakoff,jizakoffkf@fda.gov,Female,187.74.139.99
737,Broddy,Potticary,bpotticarykg@artisteer.com,Male,227.11.84.67
738,Viva,Gooderham,vgooderhamkh@unesco.org,Female,175.105.152.129
739,Babbie,Vampouille,bvampouilleki@accuweather.com,Female,246.230.119.207
740,Julio,Lackemann,jlackemannkj@cdbaby.com,Male,208.190.132.63
741,Paulina,Delgado,pdelgadokk@squarespace.com,Female,193.179.170.45
742,Harlin,McRamsey,hmcramseykl@mozilla.org,Male,13.232.183.172
743,Homerus,Peirson,hpeirsonkm@jimdo.com,Male,13.142.120.201
744,Torey,Meins,tmeinskn@nhs.uk,Male,117.180.250.134
745,Aloisia,McCarrison,amccarrisonko@purevolume.com,Female,140.124.203.27
746,Ewell,Agates,eagateskp@ca.gov,Male,107.89.230.162
747,Broddie,Lowndesbrough,blowndesbroughkq@cocolog-nifty.com,Male,59.11.187.137
748,Tomlin,Janak,tjanakkr@sitemeter.com,Male,190.39.101.126
749,Clifford,Bussens,cbussensks@dion.ne.jp,Male,238.215.144.205
750,Marlowe,Michel,mmichelkt@hud.gov,Male,128.166.204.103
751,William,MacGowing,wmacgowingku@aol.com,Male,8.112.29.70
752,Bartholomew,Louch,blouchkv@newsvine.com,Male,64.3.132.168
753,Shellie,Lalevee,slaleveekw@mozilla.com,Female,135.236.250.180
754,Maressa,De Roeck,mderoeckkx@va.gov,Female,78.53.210.124
755,Brigit,Capper,bcapperky@upenn.edu,Female,252.17.158.57
756,Norean,Forseith,nforseithkz@bbb.org,Female,213.72.171.109
757,Ethelyn,Rudham,erudhaml0@vimeo.com,Female,18.215.91.201
758,Trudie,Daymont,tdaymontl1@redcross.org,Female,105.54.14.129
759,Nady,McCreery,nmccreeryl2@msu.edu,Female,22.185.34.136
760,Tore,MacClure,tmacclurel3@hostgator.com,Male,156.5.15.182
761,Gail,Bircher,gbircherl4@phpbb.com,Female,198.85.34.74
762,Wrennie,Bourdel,wbourdell5@jigsy.com,Female,255.66.136.36
763,Roanne,Dach,rdachl6@unblog.fr,Female,198.254.114.65
764,Alfie,Kalberer,akalbererl7@netscape.com,Male,88.70.249.84
765,Vinni,Wem,vweml8@canalblog.com,Female,143.147.163.60
766,Almire,Geertz,ageertzl9@constantcontact.com,Female,23.249.197.104
767,Berna,Oddie,boddiela@smh.com.au,Female,104.30.174.83
768,Maiga,Grunbaum,mgrunbaumlb@alibaba.com,Female,135.156.135.205
769,Roy,Hargraves,rhargraveslc@topsy.com,Male,187.185.186.169
770,Maud,Minto,mmintold@sciencedirect.com,Female,47.211.187.121
771,Cristina,Bensusan,cbensusanle@e-recht24.de,Female,100.32.56.204
772,Rozanna,Reedie,rreedielf@constantcontact.com,Female,104.108.78.131
773,Deidre,Hullbrook,dhullbrooklg@dailymail.co.uk,Female,7.128.140.28
774,Stefania,Boutton,sbouttonlh@accuweather.com,Female,128.224.150.136
775,Kacy,Meriton,kmeritonli@tiny.cc,Female,119.181.223.205
776,Madonna,Dufore,mduforelj@fc2.com,Female,105.29.0.253
777,Lonnie,Ormonde,lormondelk@eventbrite.com,Female,87.18.205.31
778,Charley,Siccombe,csiccombell@gmpg.org,Male,25.140.92.77
779,Bondie,Smeath,bsmeathlm@multiply.com,Male,225.247.130.82
780,Flss,Cockerton,fcockertonln@geocities.jp,Female,157.127.239.47
781,Brien,Francescuccio,bfrancescucciolo@quantcast.com,Male,162.46.173.83
782,Filbert,Lenihan,flenihanlp@amazon.com,Male,115.58.149.66
783,Emmi,Clemenza,eclemenzalq@php.net,Female,144.42.134.58
784,Giacopo,Massow,gmassowlr@archive.org,Male,68.192.213.160
785,Trixie,Monnelly,tmonnellyls@booking.com,Female,72.212.141.91
786,Emmy,Biscomb,ebiscomblt@tiny.cc,Male,136.207.76.195
787,Bartholomeus,Guthrum,bguthrumlu@craigslist.org,Male,136.124.134.97
788,Shayla,McRuvie,smcruvielv@wikipedia.org,Female,245.39.246.120
789,Allegra,Berthomieu,aberthomieulw@xing.com,Female,225.231.167.202
790,Dane,Gile,dgilelx@cdbaby.com,Male,174.103.137.158
791,Stirling,Seson,ssesonly@dagondesign.com,Male,95.175.119.114
792,Giana,Gleave,ggleavelz@4shared.com,Female,109.112.74.14
793,Gary,Twinberrow,gtwinberrowm0@yellowbook.com,Male,25.251.67.169
794,Analise,Hallex,ahallexm1@google.co.uk,Female,239.12.229.17
795,Calli,Kneebone,ckneebonem2@usgs.gov,Female,241.121.124.17
796,Cody,Boecke,cboeckem3@blinklist.com,Male,218.164.198.188
797,Goldie,Hoble,ghoblem4@ted.com,Female,225.45.229.64
798,Barnett,Gotthard.sf,bgotthardsfm5@yahoo.co.jp,Male,189.149.173.32
799,Cart,Chestle,cchestlem6@webs.com,Male,0.96.246.26
800,Wanids,Du Fray,wdufraym7@mlb.com,Female,142.207.36.214
801,Petrina,Ozelton,pozeltonm8@furl.net,Female,124.121.172.104
802,Niall,Fattori,nfattorim9@liveinternet.ru,Male,93.204.150.116
803,Babb,Flemming,bflemmingma@engadget.com,Female,129.90.113.8
804,Clayborne,Jovicic,cjovicicmb@edublogs.org,Male,64.18.201.202
805,Norby,Clewley,nclewleymc@creativecommons.org,Male,36.92.101.234
806,Meghann,Bilfoot,mbilfootmd@imgur.com,Female,175.189.173.97
807,Ansley,Schruyers,aschruyersme@joomla.org,Female,43.123.79.89
808,Loutitia,Sallinger,lsallingermf@1688.com,Female,42.215.16.188
809,Milka,Derry,mderrymg@exblog.jp,Female,11.58.204.126
810,Raf,Slateford,rslatefordmh@wisc.edu,Female,124.109.34.56
811,Mandel,Wastell,mwastellmi@vimeo.com,Male,241.205.233.163
812,Brynn,Reddie,breddiemj@elpais.com,Female,227.201.8.93
813,Louie,Kulis,lkulismk@kickstarter.com,Male,221.111.74.193
814,Estelle,Nutley,enutleyml@cpanel.net,Female,241.170.54.95
815,Carlina,Polfer,cpolfermm@unicef.org,Female,249.147.204.121
816,Zerk,Binestead,zbinesteadmn@hhs.gov,Male,95.5.105.212
817,Gray,Tremmil,gtremmilmo@house.gov,Male,252.197.244.148
818,Garnet,Warret,gwarretmp@cam.ac.uk,Female,191.126.54.13
819,Howie,Peret,hperetmq@fc2.com,Male,163.60.190.94
820,Bartlet,Gianetti,bgianettimr@vistaprint.com,Male,68.52.136.9
821,Briano,Passingham,bpassinghamms@weebly.com,Male,161.42.153.71
822,Katherina,Sabate,ksabatemt@walmart.com,Female,24.60.169.226
823,Lisha,Crippill,lcrippillmu@census.gov,Female,52.209.232.31
824,Halsey,Walby,hwalbymv@alibaba.com,Male,133.209.250.63
825,Hedda,Sturror,hsturrormw@moonfruit.com,Female,65.47.223.13
826,Goldi,Headingham,gheadinghammx@about.me,Female,165.66.158.21
827,Iver,Creany,icreanymy@ucsd.edu,Male,78.135.132.220
828,Cathyleen,Feake,cfeakemz@answers.com,Female,14.247.67.150
829,Bibbie,Othen,bothenn0@huffingtonpost.com,Female,136.163.120.149
830,Catina,Hirsch,chirschn1@time.com,Female,113.218.6.8
831,Stephannie,Urwin,surwinn2@answers.com,Female,166.164.180.68
832,Evelin,Allso,eallson3@nhs.uk,Male,165.68.157.72
833,Lorilee,Ogilby,logilbyn4@last.fm,Female,233.238.240.245
834,Vic,Lindsay,vlindsayn5@seesaa.net,Male,159.113.188.83
835,Corabella,Clardge,cclardgen6@sciencedaily.com,Female,244.82.60.207
836,Dolores,Andric,dandricn7@theguardian.com,Female,155.23.85.66
837,Fedora,Carnilian,fcarniliann8@is.gd,Female,238.156.42.229
838,Tadd,Tingley,ttingleyn9@hugedomains.com,Male,86.115.174.180
839,Ramsay,Varley,rvarleyna@woothemes.com,Male,172.82.81.87
840,Margi,Crommett,mcrommettnb@cbsnews.com,Female,198.85.85.10
841,Pauly,Urch,purchnc@epa.gov,Female,57.44.51.172
842,Udell,Walster,uwalsternd@washingtonpost.com,Male,226.246.119.189
843,Porter,Boutcher,pboutcherne@slate.com,Male,173.139.79.154
844,Fletch,Texton,ftextonnf@cloudflare.com,Male,54.138.117.194
845,Carlen,Leverington,cleveringtonng@epa.gov,Female,148.221.41.251
846,Ellwood,Levins,elevinsnh@taobao.com,Male,47.211.45.58
847,Richard,Futty,rfuttyni@spiegel.de,Male,252.133.162.123
848,Wald,Pryke,wprykenj@ucla.edu,Male,59.254.105.177
849,Esmaria,Cristofor,ecristofornk@hugedomains.com,Female,150.240.147.3
850,Jonas,Booker,jbookernl@go.com,Male,235.245.101.117
851,Ottilie,MacKerley,omackerleynm@i2i.jp,Female,91.113.197.205
852,Simone,Hooks,shooksnn@quantcast.com,Male,208.218.223.94
853,Fenelia,Fitzsymon,ffitzsymonno@springer.com,Female,71.5.121.162
854,Kerry,Stubbs,kstubbsnp@nbcnews.com,Female,247.208.87.243
855,Olvan,MacChaell,omacchaellnq@businesswire.com,Male,110.221.184.0
856,Gwyneth,Crambie,gcrambienr@dell.com,Female,102.28.181.223
857,Maynord,Kervin,mkervinns@phpbb.com,Male,144.32.27.57
858,Blane,Pestor,bpestornt@csmonitor.com,Male,168.113.193.44
859,Trefor,Ridgedell,tridgedellnu@uol.com.br,Male,42.179.248.29
860,Venus,Bubbins,vbubbinsnv@github.com,Female,145.200.77.211
861,Leland,Mabson,lmabsonnw@de.vu,Female,159.76.75.193
862,Kenton,Gehrts,kgehrtsnx@ifeng.com,Male,220.27.126.41
863,Florentia,Cumberledge,fcumberledgeny@hatena.ne.jp,Female,179.64.227.14
864,Corilla,Matteoni,cmatteoninz@auda.org.au,Female,2.195.4.85
865,Austina,Baise,abaiseo0@ebay.com,Female,114.2.155.48
866,Tull,Juniper,tjunipero1@icq.com,Male,118.92.228.254
867,Franni,Gullen,fgulleno2@businessweek.com,Female,131.145.106.72
868,Dannel,Dmych,ddmycho3@163.com,Male,40.226.117.55
869,Gunar,Zanitti,gzanittio4@china.com.cn,Male,195.239.201.79
870,Gardy,Cawsey,gcawseyo5@cnbc.com,Male,59.126.167.119
871,Arv,Jurasz,ajuraszo6@phpbb.com,Male,90.149.27.44
872,Leslie,Orrill,lorrillo7@theatlantic.com,Male,241.38.88.150
873,Kristine,Aspital,kaspitalo8@google.it,Female,190.29.234.244
874,Fax,Duthy,fduthyo9@tinyurl.com,Male,35.73.238.100
875,Rosamond,Keane,rkeaneoa@homestead.com,Female,164.54.223.253
876,Konstanze,Ranklin,kranklinob@umich.edu,Female,252.103.27.118
877,Morgana,Willshere,mwillshereoc@ucoz.com,Female,160.156.136.5
878,Seka,Whiskerd,swhiskerdod@gizmodo.com,Female,20.167.168.14
879,Donnie,Roseaman,droseamanoe@desdev.cn,Male,26.16.247.212
880,Gwynne,Abelevitz,gabelevitzof@bigcartel.com,Female,121.221.211.228
881,Ruddy,Trustie,rtrustieog@vinaora.com,Male,215.104.69.28
882,Bengt,Carlozzi,bcarlozzioh@woothemes.com,Male,4.83.51.34
883,Tobin,Prayer,tprayeroi@alexa.com,Male,153.252.205.221
884,Amelia,Rosenfrucht,arosenfruchtoj@wordpress.org,Female,168.65.164.102
885,Mona,Keat,mkeatok@qq.com,Female,98.207.12.36
886,Ashlan,Baiyle,abaiyleol@scribd.com,Female,48.164.101.170
887,Fernanda,Crow,fcrowom@odnoklassniki.ru,Female,129.205.237.130
888,Barnaby,Malletratt,bmalletratton@nifty.com,Male,206.181.223.124
889,Leroi,Dripps,ldrippsoo@nifty.com,Male,55.1.158.107
890,Lyell,Wildes,lwildesop@blogtalkradio.com,Male,49.136.218.131
891,Eimile,Matousek,ematousekoq@hexun.com,Female,251.225.82.28
892,Nathalie,Maber,nmaberor@economist.com,Female,250.230.106.183
893,Morissa,Rugge,mruggeos@dailymail.co.uk,Female,195.250.186.184
894,Jay,Waliszek,jwaliszekot@quantcast.com,Male,127.166.157.141
895,Eleonora,Stitch,estitchou@un.org,Female,102.63.184.161
896,Arni,Feria,aferiaov@craigslist.org,Male,46.155.118.140
897,Ludovico,Binns,lbinnsow@cbsnews.com,Male,87.19.243.231
898,Berget,Ridolfo,bridolfoox@etsy.com,Female,123.77.123.112
899,Dre,Inchley,dinchleyoy@imdb.com,Female,205.67.230.236
900,Shanta,Gratten,sgrattenoz@netlog.com,Female,177.187.0.242
901,Jammal,Hrinchishin,jhrinchishinp0@answers.com,Male,27.136.199.161
902,Goldia,Jurkiewicz,gjurkiewiczp1@dailymotion.com,Female,154.188.9.114
903,Bailey,McCaughren,bmccaughrenp2@cbslocal.com,Male,193.14.201.173
904,Lynnet,Slorance,lslorancep3@xinhuanet.com,Female,250.209.229.192
905,Eal,Dresche,edreschep4@github.io,Male,229.180.50.142
906,Philbert,Courtes,pcourtesp5@mashable.com,Male,164.113.214.43
907,Pammy,Wason,pwasonp6@harvard.edu,Female,240.133.200.88
908,Herman,Denness,hdennessp7@samsung.com,Male,134.205.208.254
909,Quint,McSperrin,qmcsperrinp8@amazon.de,Male,1.255.14.109
910,Amelie,Bonsey,abonseyp9@trellian.com,Female,139.65.173.151
911,Billie,Wellum,bwellumpa@bbc.co.uk,Male,132.52.229.120
912,Leilah,Fullager,lfullagerpb@themeforest.net,Female,115.29.57.186
913,Lauren,Merfin,lmerfinpc@globo.com,Male,211.130.178.113
914,Vernen,Faircliffe,vfaircliffepd@europa.eu,Male,229.124.215.157
915,Warde,Hardwick,whardwickpe@abc.net.au,Male,234.105.174.92
916,Martynne,Kohtler,mkohtlerpf@phoca.cz,Female,62.246.142.245
917,Cherry,Furby,cfurbypg@deliciousdays.com,Female,12.205.97.162
918,Dagny,Drust,ddrustph@slate.com,Male,141.192.237.96
919,Frederigo,Kubczak,fkubczakpi@wisc.edu,Male,217.7.249.56
920,Lorelle,Fassbindler,lfassbindlerpj@cyberchimps.com,Female,0.165.233.179
921,Ulla,Plenderleith,uplenderleithpk@alexa.com,Female,155.194.106.223
922,Agatha,Maddick,amaddickpl@netvibes.com,Female,139.30.196.36
923,Kimberlee,Comberbeach,kcomberbeachpm@sourceforge.net,Female,72.168.63.209
924,Page,Blowing,pblowingpn@squarespace.com,Male,1.51.247.105
925,Analiese,De Marchi,ademarchipo@etsy.com,Female,155.254.206.62
926,Shandra,MacKeller,smackellerpp@a8.net,Female,128.65.179.193
927,Amelita,Osman,aosmanpq@angelfire.com,Female,77.254.9.10
928,Carlee,Rattray,crattraypr@wsj.com,Female,58.1.65.186
929,Rubia,Shires,rshiresps@163.com,Female,40.77.47.57
930,Wolfgang,Bellelli,wbellellipt@youku.com,Male,27.111.190.237
931,Gaultiero,Nuzzetti,gnuzzettipu@soup.io,Male,131.57.176.156
932,Gonzales,McMakin,gmcmakinpv@godaddy.com,Male,191.184.196.138
933,Woodman,Rizzetti,wrizzettipw@studiopress.com,Male,219.25.135.32
934,Margy,Chetwynd,mchetwyndpx@independent.co.uk,Female,200.250.86.17
935,Rosalinda,Moughton,rmoughtonpy@instagram.com,Female,150.153.129.149
936,Omero,Winkell,owinkellpz@netscape.com,Male,59.251.153.168
937,Hervey,Reade,hreadeq0@cnbc.com,Male,108.242.252.138
938,Paquito,Annes,pannesq1@google.nl,Male,61.125.177.8
939,Winfield,Spiers,wspiersq2@go.com,Male,119.202.113.169
940,Ruddie,Snedker,rsnedkerq3@paginegialle.it,Male,210.196.204.46
941,Dionysus,Huxter,dhuxterq4@e-recht24.de,Male,128.2.137.34
942,Myrna,Balsom,mbalsomq5@so-net.ne.jp,Female,10.1.117.215
943,Joice,Westcott,jwestcottq6@friendfeed.com,Female,214.153.190.223
944,Kermie,Rennock,krennockq7@prweb.com,Male,83.243.47.92
945,Blinny,Brookton,bbrooktonq8@unicef.org,Female,128.72.203.187
946,Berget,Jeratt,bjerattq9@dagondesign.com,Female,52.245.175.21
947,Beatriz,Sheward,bshewardqa@chronoengine.com,Female,41.76.53.95
948,Janna,Bransby,jbransbyqb@hp.com,Female,249.214.92.162
949,Anabal,Girsch,agirschqc@msn.com,Female,0.211.190.173
950,Stormi,Baudy,sbaudyqd@ucoz.com,Female,129.132.255.55
951,Leo,Diviney,ldivineyqe@adobe.com,Male,152.130.255.121
952,Cora,Cordingly,ccordinglyqf@answers.com,Female,84.27.223.241
953,Rollo,Garthside,rgarthsideqg@myspace.com,Male,60.133.6.55
954,Frans,Izat,fizatqh@about.com,Male,116.15.189.68
955,Skyler,Setterthwait,ssetterthwaitqi@businesswire.com,Male,36.191.43.44
956,Adey,Strond,astrondqj@rediff.com,Female,240.171.168.244
957,Brianne,Fidal,bfidalqk@unc.edu,Female,131.179.95.49
958,Bruno,Canada,bcanadaql@whitehouse.gov,Male,123.41.220.131
959,Smith,Browne,sbrowneqm@house.gov,Male,226.112.216.89
960,Carline,Gonthard,cgonthardqn@wisc.edu,Female,36.136.111.130
961,Gerome,Geleman,ggelemanqo@opensource.org,Male,254.5.157.77
962,Roana,Barwis,rbarwisqp@ucoz.ru,Female,144.79.235.48
963,Doralia,Webbe,dwebbeqq@wikipedia.org,Female,109.111.101.22
964,Dennet,Peron,dperonqr@nba.com,Male,123.129.46.11
965,Nikita,Wortt,nworttqs@sina.com.cn,Male,190.243.138.165
966,Borden,Renny,brennyqt@ft.com,Male,232.193.143.40
967,Cymbre,Glaze,cglazequ@census.gov,Female,10.234.157.8
968,Lanni,Cater,lcaterqv@hp.com,Female,231.10.26.173
969,Daphne,Schottli,dschottliqw@businessweek.com,Female,249.168.44.119
970,Mariana,Ashleigh,mashleighqx@google.es,Female,228.143.230.135
971,Ellette,Churchill,echurchillqy@msn.com,Female,156.179.39.253
972,Rosene,Waitland,rwaitlandqz@toplist.cz,Female,105.104.61.132
973,Norrie,Starkie,nstarkier0@timesonline.co.uk,Male,197.223.77.198
974,Wilbert,Senogles,wsenoglesr1@nyu.edu,Male,66.125.136.24
975,Sibella,Drain,sdrainr2@rediff.com,Female,239.37.129.146
976,Wilma,Allicock,wallicockr3@google.cn,Female,232.133.27.3
977,Ellery,Marchelli,emarchellir4@g.co,Male,59.178.93.7
978,Correy,Deegan,cdeeganr5@trellian.com,Female,107.130.6.248
979,Chilton,Cund,ccundr6@mapquest.com,Male,202.195.179.119
980,Anselma,Buxey,abuxeyr7@vimeo.com,Female,139.235.70.65
981,Winnah,Flips,wflipsr8@cbsnews.com,Female,247.248.146.207
982,Keene,Ridel,kridelr9@harvard.edu,Male,168.0.20.218
983,Filip,Kidde,fkiddera@dyndns.org,Male,33.78.221.31
984,Obed,Garthland,ogarthlandrb@nba.com,Male,255.240.194.241
985,May,Edmonson,medmonsonrc@privacy.gov.au,Female,251.124.36.43
986,Abbie,Mottini,amottinird@com.com,Male,133.12.12.114
987,Thorny,Oxbe,toxbere@ucsd.edu,Male,133.174.181.144
988,Charity,Dalloway,cdallowayrf@cnbc.com,Female,202.119.164.14
989,Gwyn,Vamplew,gvamplewrg@addthis.com,Female,165.239.183.152
990,Hewet,Rosindill,hrosindillrh@usda.gov,Male,225.70.42.163
991,Urbanus,Grono,ugronori@census.gov,Male,215.30.95.144
992,Michaella,Swansborough,mswansboroughrj@amazon.co.uk,Female,9.205.76.44
993,Kinsley,Ruffell,kruffellrk@go.com,Male,52.188.27.52
994,Starr,Kays,skaysrl@delicious.com,Female,169.142.1.111
995,Caldwell,Stroband,cstrobandrm@google.co.jp,Male,239.199.62.251
996,Rasla,Croyser,rcroyserrn@biglobe.ne.jp,Female,98.207.22.146
997,Abigale,Finnimore,afinnimorero@soundcloud.com,Female,156.232.176.61
998,Vivianna,Harmston,vharmstonrp@house.gov,Female,140.184.119.217
999,Giffy,Tireman,gtiremanrq@amazon.com,Male,5.244.32.193
1000,Sheila-kathryn,Bigly,sbiglyrr@feedburner.com,Female,167.156.221.78
